SAMPLE_ID,AGRN,ARHGEF10,ATP13A2,CFD,CHD3,CHIC1,ELANE,FNDC3B,GLB1,ITFG1,LPPR3,LTK,MAP3K1,MICALL2,MPO,OSBPL5,PPP1R26,SLC25A29,SLC29A2
aml_ohsu_2018_14-00730,1.8232,1.0091,-1.8218,1.19,-2.7272,-1.4049,1.1499,2.8146,1.4093,1.1918,0.9249,1.4224,1.4007,1.2277,1.173,1.6825,0.9801,1.7198,0.5049
aml_ohsu_2018_14-00667,0.3525,-0.1421,0.9243,0.285,0.3083,-1.2748,0.8195,-0.672,-0.1052,0.4077,0.1292,-0.6275,0.1,-0.6975,-0.1956,-0.9024,-3.4074,-0.5961,-0.0359
TCGA-AB-2836-03,-0.1862,-0.4742,0.1707,0.1392,0.0079,-0.1735,-0.4288,-0.3229,1.1363,-0.1469,-0.4508,-0.3722,0.8136,-0.0265,-0.6184,0.4857,0.2636,-0.681,-0.26
TCGA-AB-2942-03,-0.4725,-0.4797,-0.9535,-0.3702,-0.7638,-1.0259,-0.389,-0.6654,-0.5315,0.2585,-0.5695,-0.2315,-0.4247,-0.0369,-0.1095,-0.2689,-0.3063,0.209,-0.6478
aml_ohsu_2018_14-00228,-0.1278,-1.9667,-0.0017,0.7214,-0.4237,0.5252,0.2508,0.4707,0.4136,0.8894,0.7734,0.1329,-0.2043,0.8662,-0.8375,0.7981,0.6897,1.2979,-0.3346
aml_ohsu_2018_14-00725,0.0192,-1.9667,-0.3544,0.762,-0.5909,-0.4116,0.7742,0.455,-0.8827,0.2755,0.4487,0.6,-1.6369,0.9958,0.088,0.7256,0.1819,-0.3733,-1.3097
TCGA-AB-2956-03,-0.4122,2.761,0.6574,0.1968,1.1559,0.0864,-0.3714,-0.6094,0.1293,0.0295,-0.2388,-0.5066,-0.7948,-0.6124,-0.651,-0.239,0.3062,-0.9057,-0.416
aml_ohsu_2018_14-00473,-1.2887,1.094,0.7495,-0.7672,-1.2786,0.176,0.5749,-2.6036,-1.8615,-0.0609,-0.2895,-1.2359,-0.6497,0.2711,-0.4664,-0.1891,0.6888,1.2013,1.5577
TCGA-AB-2820-03,-0.4015,0.4609,2.9914,-0.7504,-1.0703,0.6688,-0.4566,-0.6792,-1.9632,-2.2514,-0.8768,-0.5017,-0.9713,-1.1581,-0.6466,0.3799,-1.2383,-0.0982,1.6363
TCGA-AB-2861-03,-0.153,-0.3469,0.2248,-0.3214,1.8967,-1.3318,-0.3283,-0.3665,-0.414,-0.4274,0.6565,-0.3915,-0.6267,-0.4604,-0.6447,0.4992,0.3483,-1.1366,0.8941
TCGA-AB-3011-03,-0.4444,-0.2899,-0.3375,0.5718,0.8472,0.9414,-0.3642,-0.204,-1.1683,-0.7114,1.3954,-0.5446,1.2113,-0.218,0.1183,0.925,1.1782,0.737,-0.4146
TCGA-AB-2805-03,-0.472,-0.4059,-0.9689,-0.6934,0.4575,-0.704,-0.4561,-0.5815,0.6822,0.7344,-0.9079,-0.5454,1.6362,-1.113,-0.6445,-0.9906,-1.2606,-1.0792,-0.4028
TCGA-AB-3001-03,2.2723,-0.2638,-0.543,1.4517,-0.9504,0.2353,0.6659,4.4119,1.0431,1.1112,1.869,3.7318,1.3861,0.6891,2.2741,2.2888,1.7258,1.6849,-0.3868
TCGA-AB-2952-03,-0.2018,-0.3464,7.0079,-0.4667,0.5993,-0.6767,-0.3792,-0.869,0.1509,-2.032,-0.5713,-0.4838,-0.8252,-0.9774,-0.3515,0.153,-0.9609,0.3747,1.608
aml_ohsu_2018_16-00510,-2.5406,-0.1613,1.0556,-1.537,1.3207,0.6969,0.3776,-1.1603,-0.1498,-0.8298,-0.8286,-1.4126,-1.2634,-0.7535,0.0157,-0.801,0.4183,-0.738,1.1724
TCGA-AB-2822-03,0.0027,0.4601,-1.1711,-0.7396,-0.8499,1.7688,-0.4565,-0.7703,-1.6737,-0.491,-0.8927,-0.0771,-0.7929,-1.0,-0.6482,-0.4678,0.9429,-0.0149,-0.3774
aml_ohsu_2018_14-00690,0.2453,-1.9667,-0.3257,1.1025,-1.2563,-0.53,0.6266,0.8312,0.8156,0.9893,0.6376,0.0327,-0.6756,1.0168,0.407,0.8161,0.6314,0.0131,-0.6581
aml_ohsu_2018_15-00269,0.7948,-1.9667,-0.9004,0.861,-0.087,-0.0924,0.2658,0.3052,-0.2776,-0.1685,0.8725,0.9215,1.3345,0.0758,0.6599,0.6513,0.9867,0.2734,-1.4794
TCGA-AB-2944-03,-0.4025,-0.4329,0.4849,-0.6969,1.5672,1.3182,-0.44,-0.8474,-1.3034,-2.1356,-0.8745,-0.5456,-1.4134,-1.1796,-0.6309,-0.9116,-1.0449,-0.9178,0.0056
aml_ohsu_2018_14-00658,0.3363,-1.6878,1.0744,0.9085,-0.0908,0.4182,0.6095,1.1437,0.0645,0.1443,0.949,0.1011,0.3167,0.4458,0.7551,0.7117,0.6773,1.4336,0.71
TCGA-AB-2980-03,1.6344,-0.0154,-1.012,-0.2918,-1.5651,-1.0229,-0.0337,0.6516,0.1184,1.143,0.3068,0.5773,1.2707,-0.4957,0.9211,-0.1885,-0.2569,-0.1315,-0.3422
TCGA-AB-2959-03,-0.5564,0.2042,-0.8986,-0.7736,0.8269,0.645,-0.4549,-0.3366,-1.6234,0.8021,-0.9032,-0.5351,0.1732,-1.2022,-0.6427,-1.1208,-1.3726,-0.8593,-0.2863
TCGA-AB-2985-03,-0.5826,-0.41,1.2265,-0.289,0.3479,-0.9618,-0.3462,-0.4836,1.2128,0.4591,-0.6195,0.2062,-0.5998,-0.6169,-0.6303,-0.9068,-0.6461,-0.8988,-0.5086
aml_ohsu_2018_14-00034,-0.3318,-1.9667,0.2484,-1.2372,-0.6636,-0.1824,-0.3227,0.0348,-0.0144,-0.0713,-0.5135,0.2542,-0.9179,1.0478,0.8334,1.5066,-0.2992,0.6217,-1.315
aml_ohsu_2018_15-00858,0.2446,-1.9667,-0.2893,1.1025,1.2715,-0.961,0.5546,-0.1095,-0.0779,-0.1523,1.1616,0.2058,0.9704,-0.6287,0.535,1.272,1.1417,1.6323,0.5604
aml_ohsu_2018_14-00599,0.1093,-0.543,0.1793,0.1174,1.0223,-0.0235,0.5749,-1.0832,-0.4247,-0.2158,0.1711,-1.2158,0.0163,-0.2047,0.0837,-0.7019,-2.291,-0.8962,-0.6179
aml_ohsu_2018_14-00578,0.9014,-1.9667,0.8468,0.5045,0.9149,0.3817,-0.0506,-0.1353,0.8821,1.1312,0.8061,-0.2401,0.2181,-0.6233,0.0367,1.0182,0.2471,0.8919,-1.9501
TCGA-AB-2845-03,-0.3398,-0.4218,-0.3268,-0.5683,0.2804,-1.3574,-0.2434,-0.5249,-0.2551,-0.3725,-0.7165,0.3206,-0.9154,-0.3496,0.335,0.6933,0.089,0.1138,-0.6129
aml_ohsu_2018_16-00003,1.0999,-1.4782,0.3213,1.0034,-0.0117,-0.6882,0.7112,1.3851,0.8653,1.0771,0.8979,0.5036,1.203,0.9219,0.724,2.017,0.9814,1.3068,-0.2726
TCGA-AB-2911-03,-0.4024,-0.5171,-0.0149,-0.2423,0.7319,0.002,-0.4311,-0.322,1.258,0.5297,-0.5183,-0.4756,0.0525,-0.634,-0.5799,0.8102,0.5463,-0.0786,-0.1119
TCGA-AB-2847-03,0.6197,0.7417,0.4558,-0.5219,2.2973,0.4706,-0.4346,-0.6388,-0.5795,-0.1004,-0.2626,-0.5012,-0.5916,-0.3496,-0.2583,-0.908,0.8758,-0.2625,1.3289
TCGA-AB-2834-03,-0.6026,-0.236,-0.6024,-0.4876,-0.1899,-0.2788,-0.0328,-0.2994,-0.4491,-0.3042,-0.1569,-0.4278,-0.4944,-1.0755,-0.4454,-0.6389,-1.3367,-0.9614,-0.6596
aml_ohsu_2018_14-00798,-0.1295,-1.9667,-0.162,0.9085,-1.3696,-1.9589,0.6719,0.0237,1.5216,0.9624,-0.0153,0.5968,1.3733,0.4131,0.5575,-0.1058,-0.0219,-0.4255,-1.7982
aml_ohsu_2018_14-00423,0.2158,-1.9667,-1.308,0.4135,-1.2042,-4.5041,-0.0452,-0.0541,0.2853,0.9368,-0.0124,0.2588,0.8021,0.3265,0.724,-0.5851,-0.7548,0.9997,-2.0087
TCGA-AB-2812-03,-0.3277,-0.3489,-0.6608,-0.1742,-1.6074,1.5838,-0.2746,1.5165,-0.5207,0.8162,0.0952,-0.2861,0.2674,-0.5009,-0.3817,-0.338,-0.6165,-0.5918,0.0962
aml_ohsu_2018_15-00024,-0.228,-1.9667,-0.1488,0.5721,0.0481,0.079,0.2084,0.6639,0.36,0.8016,0.7337,-0.2844,0.3513,0.1985,0.724,0.618,0.4102,0.4754,-0.3445
TCGA-AB-2967-03,-0.0831,-0.3615,-0.3094,-0.168,-1.4523,0.1806,-0.4493,0.0835,0.015,0.8964,-0.016,-0.2091,-0.3038,0.401,-0.6113,-0.0911,0.2469,-0.8694,-0.5963
aml_ohsu_2018_13-00157,0.9229,-1.9667,0.4378,0.9156,-1.8901,0.0457,0.4701,0.168,1.2212,0.5781,0.6369,0.1386,0.4686,0.8216,0.0505,0.9437,0.906,-0.0027,-1.0685
TCGA-AB-2817-03,0.4008,0.181,1.554,-0.6688,1.8068,0.4892,-0.3037,-0.8022,-0.6421,-1.3164,-0.6751,-0.53,-0.591,-0.799,-0.2732,-0.8024,-1.2939,-0.6585,0.7244
TCGA-AB-2823-03,4.1145,-0.1688,-0.3476,1.671,-1.4647,-1.4104,0.8179,2.6727,1.934,2.3865,1.1779,1.7853,2.7058,0.3518,1.6589,0.7782,1.7328,0.237,0.337
TCGA-AB-2937-03,0.7019,-0.3327,-0.6239,-0.2096,-0.5549,-1.3623,-0.3498,-0.1835,1.6599,-1.7862,-0.0019,-0.0537,-0.8239,0.4386,0.9114,-0.3861,0.9836,0.4241,0.2896
aml_ohsu_2018_14-00774,-1.2514,-0.2137,0.4652,-2.0183,1.3514,0.577,-0.6012,-1.7678,-2.7015,-1.7079,-2.7618,-2.5492,-1.2917,-1.671,-0.8996,-1.6036,-3.4074,0.0541,1.5397
aml_ohsu_2018_14-00901,-0.3044,0.9211,0.1782,-2.8199,0.1759,0.5686,-3.1611,-4.427,-2.0307,-0.6762,-4.4497,-1.1022,-0.5577,-2.7013,-3.3568,-0.8628,-3.4074,0.4722,0.9794
TCGA-AB-2811-03,-0.1357,-0.5259,0.8213,2.3615,-0.9387,-0.9151,-0.1481,-0.8207,-0.936,-2.7,0.7864,-0.0173,-0.7517,2.1348,-0.5176,0.6446,-0.4775,1.9202,0.4852
TCGA-AB-2889-03,-0.2899,-0.3847,-1.0449,0.6343,-0.6508,-0.9086,-0.0973,-0.4571,0.3537,0.1032,0.0426,-0.4083,-0.4134,0.6566,0.5896,-0.2934,-0.1419,0.423,-0.6624
TCGA-AB-2887-03,-0.1105,1.8034,1.5512,-0.7427,1.7167,0.7435,-0.4281,-0.786,-1.0286,-0.9428,-0.7941,-0.5137,-0.7628,-0.3717,-0.2546,-0.5961,-1.2359,0.4763,2.2318
TCGA-AB-2824-03,0.2382,-0.3753,0.9588,-0.0844,-0.6809,-0.5359,-0.383,-0.1463,-0.3887,-0.9151,0.1094,-0.2914,-1.0593,0.204,-0.5411,-0.1828,0.2759,-0.8469,-0.1076
aml_ohsu_2018_16-00273,-0.7155,-1.9667,-0.9686,0.2825,0.0171,0.7616,-1.5973,0.0237,-0.2982,-0.4286,-0.1177,0.4871,0.3872,0.5662,0.0773,0.4218,0.4508,1.237,0.3884
TCGA-AB-2869-03,0.4416,-0.4821,-0.195,-0.1103,-0.9672,0.4938,-0.2315,-0.0651,-0.4825,0.1684,0.4262,-0.459,0.2603,-0.5328,-0.4429,0.163,0.8711,0.2723,0.5731
TCGA-AB-2825-03,-0.3184,-0.4883,0.5973,-0.191,0.1131,-0.386,-0.4443,-0.3111,1.509,0.8083,-0.6253,-0.4117,0.579,-0.2615,-0.6265,-0.541,0.7659,-0.7883,-0.4879
TCGA-AB-2983-03,-0.5464,0.3163,0.4459,-0.3438,1.7285,1.2339,-0.4237,-0.6202,-1.069,-0.1911,-0.4981,-0.4244,0.123,-0.2724,-0.6463,-0.5821,-1.1286,-0.3666,-0.5293
aml_ohsu_2018_15-00237,-0.4111,-1.9667,1.031,0.7214,-0.1594,-0.0169,0.5719,-0.0777,0.3771,-1.0575,0.9108,0.1471,0.2477,0.8919,-0.2727,0.7539,1.0418,0.8989,0.997
aml_ohsu_2018_14-00355,0.1377,-1.9667,0.3998,0.6745,0.7226,0.6514,0.1512,0.2318,0.3049,0.405,0.4325,0.3513,1.541,0.1604,-1.6504,0.1697,0.2599,-0.6834,-1.8766
aml_ohsu_2018_13-00659,0.8951,-1.8123,-0.1771,0.6355,0.4244,-4.5041,0.757,0.4165,1.7162,1.0771,0.8631,0.917,0.4657,-0.0233,0.7098,1.0142,0.0616,-0.8514,-1.0597
TCGA-AB-2854-03,-0.3759,0.634,-0.9081,-0.429,0.7414,0.228,-0.2791,-0.332,-0.571,-1.563,-0.3331,-0.535,-1.5108,-0.5792,-0.4191,-0.4899,-1.0127,-0.6413,-0.1349
aml_ohsu_2018_15-00338,1.7804,1.1338,1.8314,1.7175,-0.654,-4.5041,0.7742,0.9583,0.3002,0.2359,0.4915,1.2028,0.3494,1.1606,1.0696,0.539,0.354,-0.5222,-0.9151
TCGA-AB-2900-03,-0.2416,-0.5348,0.4958,0.3679,-0.3569,0.0062,-0.3546,-0.3778,0.3285,0.232,-0.3644,-0.2213,-0.9534,1.7185,-0.2098,0.2595,0.5518,-0.8298,-0.5874
TCGA-AB-3012-03,3.2629,-0.0558,-0.8424,2.6881,-1.2155,-1.2928,3.669,3.7606,2.0668,1.6046,2.8092,2.2263,2.2098,2.1302,3.4133,2.6899,0.3474,1.5032,-0.3636
TCGA-AB-2863-03,-0.4836,2.5609,-1.3342,-0.6548,-0.8684,0.6952,-0.3579,0.9142,0.1519,1.9154,-0.7815,-0.5455,0.1286,-1.114,-0.4017,-1.0332,0.0874,0.1369,0.3237
TCGA-AB-2992-03,-0.4281,0.3265,-0.0526,-0.1989,0.3187,-0.3242,0.7135,0.2092,0.8124,0.2875,-0.1206,-0.5066,0.5817,-0.2858,0.1715,-0.1242,-0.2899,0.2556,-0.4629
TCGA-AB-2925-03,0.4023,-0.4682,0.6286,0.9104,0.6658,-0.8931,0.0446,-0.2595,1.9834,0.0429,0.9715,-0.2673,-0.9203,0.849,0.048,1.6707,1.512,-0.5035,-0.2114
aml_ohsu_2018_16-00157,0.8675,-1.6765,0.4863,0.7727,0.0158,0.0198,0.7159,1.138,1.2431,0.8107,0.8521,0.2955,0.0019,1.1234,0.5905,1.3889,0.8861,0.4818,-0.7913
aml_ohsu_2018_16-00699,0.1918,0.9541,-0.2919,-0.9734,1.3373,0.2225,-1.0383,0.5257,0.0838,0.7456,-1.0792,-1.7469,0.0483,-2.0708,0.5905,-1.6405,-3.4074,0.6388,0.4347
aml_ohsu_2018_15-00479,0.1636,0.1661,-1.2409,0.5113,1.7167,-1.8226,-2.3207,-1.4545,-0.3353,0.4727,-0.0606,1.3009,-1.283,-0.2177,-2.7099,0.3689,-2.3413,-0.9071,0.8622
aml_ohsu_2018_15-00303,-1.0546,-1.9667,-0.5547,0.4912,-1.0625,-0.1342,-0.4125,-0.6696,0.3065,0.6081,-0.8614,0.5247,0.873,0.2961,0.2258,0.0969,0.7703,0.4518,-1.1816
aml_ohsu_2018_13-00602,0.7868,-1.9667,0.1815,0.2079,0.4463,-4.5041,-0.5321,-0.109,1.167,1.0316,-1.1991,0.8079,1.2541,-0.1677,0.5994,0.135,0.2919,-0.3446,-2.8086
TCGA-AB-3002-03,0.1497,3.9393,-0.4913,-0.5909,0.0803,1.0054,-0.3156,-0.6094,-0.2164,0.0769,-0.5493,-0.5093,-1.2129,-0.9806,-0.5658,-0.7028,-1.0818,-0.2502,-0.204
aml_ohsu_2018_15-00331,0.8142,-1.9667,-1.169,0.2825,-1.0591,-4.3258,0.5408,-0.3839,-0.0515,0.3607,-0.1802,0.8023,2.0481,0.1508,0.5142,-1.3012,0.2245,0.2238,-0.2802
aml_ohsu_2018_16-01049,0.464,-0.9291,-2.4178,0.923,-0.0674,-0.6565,0.8125,0.4692,-0.5778,-0.9714,0.4562,-0.8349,0.4583,0.3931,0.4022,-0.0612,0.2906,-1.2473,-0.0602
aml_ohsu_2018_13-00625,-0.0188,1.201,1.1838,-0.4818,0.955,-0.9597,0.3277,-1.1804,-0.823,-0.9165,-0.4586,0.1679,-0.2625,0.0169,0.724,-1.1944,-3.4074,-0.7098,0.5401
TCGA-AB-2814-03,-0.3188,8.2567,0.2127,-0.7193,0.4171,2.5287,-0.4568,-0.5251,-1.569,-0.4463,-0.8799,-0.5505,-1.4268,-1.2419,-0.6502,-0.951,-1.2788,-0.7876,0.9902
aml_ohsu_2018_13-00396,-0.4978,1.3035,1.3773,0.3176,-0.2042,0.1767,0.5901,0.186,1.049,0.3918,0.2054,-3.2554,1.0187,-0.7357,-0.445,-0.1804,-3.1784,0.173,0.7449
TCGA-AB-2932-03,-0.477,-0.4991,1.0488,1.255,0.9005,-0.2542,-0.4486,-0.1513,2.599,1.5436,0.0414,-0.4031,-0.4476,1.5271,-0.5493,0.5894,1.2718,-0.1752,-0.4951
TCGA-AB-2972-03,1.9239,-0.4867,-0.2546,-0.6377,-1.3805,1.1618,-0.4535,-0.7245,-0.9824,-0.4643,-0.1186,0.0408,-0.407,0.9176,-0.5547,-0.6877,-0.1659,-0.7033,-0.4764
aml_ohsu_2018_15-00674,0.8199,-0.3049,-0.2733,0.0996,-0.3275,-1.4967,0.4163,-0.5871,-0.3733,0.3521,-0.6123,-0.0145,0.4576,-0.5015,0.3221,-1.0426,-1.5835,-1.1215,-1.3927
TCGA-AB-2882-03,0.2384,0.2143,0.191,-0.5402,1.544,1.201,-0.4214,-0.3532,-0.598,-2.1739,-0.7274,-0.4236,-0.8034,-0.82,-0.2959,-0.5544,0.9731,-0.3639,0.3505
TCGA-AB-2941-03,-0.5696,1.5501,2.1926,-0.7621,-1.597,0.1803,-0.441,-0.8436,-1.0468,-1.6443,-0.8975,0.1925,-0.7265,-0.8602,-0.6464,-1.0343,-0.8505,-0.8347,2.0397
TCGA-AB-2971-03,-0.4783,-0.0189,-1.006,0.1771,1.1976,1.3485,-0.1181,0.0377,0.3654,1.0049,0.1448,-0.512,2.4009,-0.9383,-0.5103,1.1298,0.7431,0.1015,-0.4924
TCGA-AB-2862-03,4.9424,-0.3308,-0.1021,2.0831,-0.307,-1.2741,0.9176,-0.0349,-0.1147,-0.6887,3.417,2.822,0.4916,1.8068,2.5041,2.4454,2.895,3.02,-0.472
TCGA-AB-2885-03,-0.5575,0.5884,3.3874,-0.771,0.8502,0.419,-0.4513,-0.911,-2.2173,-0.2467,-0.8902,-0.5272,-1.0471,-1.1664,-0.6475,-0.2443,-1.2972,-0.7133,0.4612
aml_ohsu_2018_15-00470,1.5195,1.7363,-3.5568,1.1637,-2.635,-4.5041,1.0893,1.8045,-0.6542,-0.1103,0.7021,1.05,0.3374,0.9839,1.1734,0.4609,0.234,0.7306,0.8047
TCGA-AB-2832-03,-0.1446,0.6561,-0.3432,-0.6925,3.9272,-0.443,-0.4564,-0.8611,-0.4062,-0.5065,-0.8046,2.0624,-1.5802,-1.0342,-0.6504,0.4783,-0.9285,0.066,1.1291
TCGA-AB-2860-03,0.0795,1.4128,0.6128,-0.4606,-1.0522,-0.6569,-0.3923,0.1986,0.5369,1.2107,-0.0958,-0.5239,-0.1668,0.2888,-0.5641,-0.3502,-1.1792,-0.6447,0.0887
aml_ohsu_2018_15-00693,-1.7005,-1.7185,0.0037,0.4912,0.4839,-0.2529,-0.8866,-1.2258,1.3719,0.3971,-0.8746,-0.2222,1.0787,-0.0903,-2.2321,-0.5456,-1.8698,-0.6968,-0.8824
aml_ohsu_2018_13-00365,-0.2775,0.7359,-0.6683,-1.3232,0.2327,1.4337,0.2856,-2.8731,-1.7615,-1.9921,-0.9371,0.6575,0.6305,-1.4179,-0.445,1.1585,-1.9749,-0.8122,1.4236
aml_ohsu_2018_16-00867,0.532,-0.1511,0.0493,0.923,1.0035,0.3887,0.5435,0.457,0.3319,0.2339,1.1449,-0.3863,1.7084,-0.1145,0.739,0.9384,0.9136,1.4965,1.0837
TCGA-AB-2924-03,-0.1029,-0.5141,-0.48,0.2447,-1.3751,0.4001,-0.3829,0.1375,1.3199,1.0673,-0.1225,-0.3586,-0.273,1.3842,-0.571,-0.0903,0.3872,-0.5454,-0.547
TCGA-AB-2819-03,-0.3626,-0.2909,-1.3052,-0.3306,-1.469,-1.2687,0.8661,0.3903,-0.0311,0.5224,0.8532,-0.35,-0.174,0.2265,0.809,-0.7971,-1.1686,-0.2904,-0.554
TCGA-AB-2874-03,0.0111,-0.4589,-1.1297,-0.0549,-0.73,-0.1107,-0.0453,1.5232,1.3239,0.4275,0.3793,0.2019,0.6747,-0.589,2.2605,1.5269,1.9497,0.3728,-0.6229
TCGA-AB-2949-03,-0.0272,0.5207,-0.5027,-0.4473,0.1392,1.3199,-0.2932,-0.5718,-0.951,0.3489,-0.425,-0.5354,-0.9826,-0.0997,-0.5769,-0.5876,-0.056,-0.0621,0.4938
TCGA-AB-2970-03,-0.473,-0.1618,0.2271,-0.6456,0.6741,0.3257,-0.4325,-0.7491,-0.7894,0.4933,-0.7981,-0.2368,0.1183,-0.797,-0.6276,-0.8025,-1.2001,-0.5481,-0.5039
aml_ohsu_2018_14-00781,0.3317,0.6746,1.0091,0.1646,-0.0674,-2.0699,0.4423,1.4373,1.7914,0.7378,0.462,1.0554,0.2074,0.1754,0.6181,0.1701,0.7268,-2.0434,0.4428
TCGA-AB-2865-03,0.266,-0.1226,1.3907,-0.704,0.702,-0.6312,-0.428,-0.818,0.4019,-0.01,-0.8941,-0.53,-0.8137,-0.531,-0.5143,-0.8233,-0.2203,-0.5506,0.6634
aml_ohsu_2018_15-00616,-3.4955,-0.1021,1.9744,-2.0869,-0.0352,0.2301,0.9372,-1.0399,-0.4006,-0.8298,-0.3507,0.9052,-0.9545,0.6731,0.4122,-0.4857,0.8207,0.3343,0.9902
TCGA-AB-2917-03,-0.5785,0.5481,-0.7258,-0.755,-0.905,2.3738,-0.4374,-0.6455,-1.5782,0.1789,-0.8579,-0.5238,0.1643,-1.2158,-0.5529,-1.2721,-0.6793,-1.1076,-0.4042
TCGA-AB-2855-03,0.1382,-0.4849,0.5519,-0.4354,-0.1954,-0.4911,-0.4542,0.1394,-0.5726,-0.5177,-0.9052,-0.3165,-0.4887,-1.1245,-0.514,-0.9397,0.6855,-0.5832,-0.6573
TCGA-AB-2875-03,1.9093,-0.3453,-1.1782,0.9412,-0.4452,-0.9161,0.5515,0.314,-0.3441,0.1607,0.5484,-0.211,0.7145,0.7387,0.9399,0.1186,-0.3577,0.7568,-0.4314
TCGA-AB-2909-03,0.0594,0.7569,0.064,-0.364,0.0948,0.0318,-0.3217,-0.4477,-1.1878,-1.0053,-0.7298,2.2275,-0.5864,-0.3876,-0.3343,-0.5338,0.9524,1.0044,0.5052
TCGA-AB-2866-03,-0.3487,-0.2472,-0.3252,0.6031,1.7778,-0.3891,-0.3533,-0.5623,0.2295,-0.1416,0.0232,-0.4332,-0.096,0.037,-0.5978,0.6899,0.9962,-0.5272,-0.6213
TCGA-AB-2828-03,-0.5035,-0.4199,-0.8177,-0.318,-0.9343,-1.4306,-0.2442,-0.3128,0.0938,0.8668,-0.4513,-0.2092,1.4252,-0.747,-0.1692,-1.0129,-0.6,-0.8801,-0.6935
TCGA-AB-2848-03,-0.287,-0.2924,-0.0449,0.6395,1.957,-0.0568,-0.2915,0.064,0.6869,-1.0265,0.2536,-0.4839,1.2572,-0.575,-0.453,1.3745,0.7167,-0.1367,-0.3582
TCGA-AB-2896-03,-0.5051,-0.4106,0.827,0.0356,0.228,0.2727,-0.4512,-0.6285,-0.3497,-0.4742,-0.121,-0.2982,-0.6765,-0.5248,-0.6079,0.0018,0.3263,-0.4271,0.3552
TCGA-AB-3009-03,-0.3215,-0.179,0.7972,-0.4526,0.1897,0.8578,0.0245,0.2371,1.2138,0.9344,-0.8647,-0.4941,1.2277,-0.5668,0.9608,-0.278,0.5297,0.3553,0.0672
TCGA-AB-2964-03,-0.5744,-0.4097,-0.96,-0.4726,-0.4277,0.0617,-0.2141,-0.1407,-0.9713,0.2721,0.6235,-0.4814,0.1706,-0.0891,-0.4733,0.2027,0.6304,-0.2715,-0.35
TCGA-AB-2803-03,-0.0026,-0.0549,-0.5493,2.0742,-0.7912,-1.1698,3.154,2.8748,-0.3746,-0.1721,0.8686,0.9509,-0.1907,1.6904,1.6904,1.1025,-0.0613,0.8526,-0.6093
aml_ohsu_2018_16-00027,-0.3308,-1.9667,0.5108,-0.0687,0.3997,1.1762,-0.5183,-0.681,0.0126,0.5462,0.6327,-0.9913,-1.2677,0.3122,0.3838,0.2444,0.91,0.7931,1.1397
TCGA-AB-2928-03,0.4166,0.7131,-0.2498,-0.712,-0.4568,1.5767,-0.446,-0.4607,-0.7189,-1.1245,-0.7061,-0.4753,-0.89,-1.0137,-0.1573,-0.7569,1.3683,2.1375,3.844
TCGA-AB-2910-03,-0.3705,-0.2599,2.8984,-0.6855,1.6149,-0.7708,-0.3865,-0.5194,0.709,0.0717,0.9773,-0.4313,-0.4752,0.5163,0.0607,0.699,-1.0928,-0.8593,-0.3502
TCGA-AB-2808-03,-0.4312,-0.3697,-1.0152,-0.7331,-0.1244,-1.3585,-0.0167,-0.0744,-1.1703,-0.4077,-0.8346,-0.3898,-0.4492,-0.5689,-0.1098,-0.7492,-0.8399,-0.7322,-0.6105
aml_ohsu_2018_16-00120,1.8554,-0.6903,0.1957,1.15,-2.8201,-4.5041,0.8844,2.5354,1.9086,1.8506,0.9423,1.3329,1.1087,0.9525,1.0696,1.7343,1.066,1.1445,0.3144
TCGA-AB-2966-03,-0.2316,2.7247,0.7117,-0.7763,0.1271,0.1846,-0.4566,-0.5737,-1.2104,0.5791,-0.9074,-0.3368,-1.0639,-0.3436,-0.534,-0.9309,-1.3402,-0.7384,-0.6211
aml_ohsu_2018_14-00643,0.9712,0.0384,-3.0451,0.888,-1.2658,-0.718,0.9256,1.3596,0.7449,0.5591,0.7521,0.249,-0.0843,1.0583,0.9187,0.7085,-0.5215,0.9626,0.1931
aml_ohsu_2018_13-00232,0.4032,-1.9667,0.0672,-0.102,0.0906,-4.5041,0.6373,0.2026,1.0899,0.4845,0.1335,1.0,-0.1863,0.6178,0.9185,1.3042,0.2113,0.562,-2.0117
TCGA-AB-2881-03,-0.4429,-0.3862,-0.9039,0.0255,-0.6679,-0.7931,-0.2823,-0.3375,0.1445,0.3242,-0.3984,-0.2199,0.5126,0.2663,0.0364,-0.5441,-0.2218,0.4962,-0.6089
aml_ohsu_2018_14-00564,-1.1469,1.2023,1.6258,0.023,-2.0335,-1.0295,0.8267,0.7814,0.3722,0.8231,0.5845,-0.1684,-1.8782,0.6004,0.6836,-0.0496,-0.1569,-0.8551,1.3506
TCGA-AB-2830-03,-0.1803,0.4142,1.8536,-0.2347,0.3665,0.0985,-0.4159,-0.5652,-0.4174,-0.5507,-0.2482,-0.2998,-0.231,-0.4106,0.1227,-0.5262,-0.7298,-0.4272,0.8939
TCGA-AB-2853-03,-0.4914,-0.4606,-0.9713,-0.5738,-0.8309,1.1879,-0.3907,0.2214,-0.5086,0.9019,0.0284,-0.0915,-0.5345,-0.0597,-0.6415,-0.5234,0.0407,-0.5461,-0.1194
aml_ohsu_2018_14-00632,0.8562,-1.8896,-0.1881,0.2191,0.2541,-0.5592,0.6062,-0.1404,0.8453,0.7398,-0.0108,0.9914,0.4776,0.5707,0.5905,0.0328,0.5372,-0.2938,0.8136
aml_ohsu_2018_14-00787,-0.0808,-0.3597,0.2865,-1.575,0.7582,-4.5041,-0.8314,-0.4635,-0.2776,-0.2535,-1.1535,1.2693,-1.0994,0.6001,0.724,1.2795,-0.0348,1.623,-2.9355
TCGA-AB-2838-03,-0.4884,-0.2998,1.3915,-0.6569,-1.066,0.4564,-0.3068,-0.0262,0.2386,-1.0374,-0.5182,-0.5382,0.264,-0.6231,-0.4214,-0.3107,-0.9369,-0.5161,0.9386
aml_ohsu_2018_15-00615,-0.4257,-1.9667,0.0282,0.9613,0.1918,-0.8127,0.7357,0.4194,0.7495,-0.3986,0.4422,0.0622,-0.2894,1.077,0.6964,1.6327,0.8531,0.7355,-1.0655
aml_ohsu_2018_13-00165,-0.2353,-1.9667,1.0334,0.3876,0.6256,0.4423,-0.2254,-0.4947,-0.0329,0.1518,0.3531,0.1022,-1.3582,0.2953,0.0606,0.5951,0.7653,0.7471,1.0813
TCGA-AB-2930-03,-0.3863,-0.3579,1.0606,-0.6387,1.4526,-0.5495,-0.3129,-0.4956,-0.3026,-0.6147,-0.4793,0.6949,-0.5455,0.1621,0.0292,-0.1988,-1.3025,-0.1437,0.8533
TCGA-AB-2990-03,-0.2831,-0.4204,-0.4609,0.4665,0.1558,-0.2913,-0.3254,0.3909,0.2081,-0.246,1.1895,-0.5103,1.3092,-0.1312,0.3094,0.9086,1.2758,-0.0158,-0.4527
TCGA-AB-2849-03,-0.0772,0.0181,-0.4388,-0.7714,-0.9411,3.3286,-0.4561,-0.6454,-1.0557,1.3773,-0.9056,-0.3336,-0.0661,-1.1795,-0.646,-0.9335,0.4019,-0.6624,0.1504
TCGA-AB-2908-03,-0.0654,2.6273,1.8489,-0.3589,-0.7242,0.7135,-0.3253,-0.4877,-1.4242,-0.757,-0.6476,-0.4295,-1.5297,0.4996,-0.2211,0.4842,-1.1574,0.7866,0.2584
aml_ohsu_2018_13-00204,1.97,0.774,-0.2626,1.05,-1.8966,-1.1167,0.9144,2.1983,1.5408,1.0462,1.0008,1.1686,0.6224,0.0369,1.173,1.4103,0.6553,1.0651,0.066
TCGA-AB-2996-03,-0.316,-0.2117,-0.7995,0.5121,0.2866,0.6967,0.0728,0.1453,0.0617,0.4412,-0.3524,-0.3746,0.4159,0.3316,-0.2749,-0.9165,0.0994,-0.3106,-0.3571
aml_ohsu_2018_14-00567,0.8517,-1.9667,-0.528,0.8238,0.0496,-4.5041,-0.4085,0.5092,0.9155,1.1099,0.9416,-0.4241,0.5087,1.0307,0.4217,1.0961,1.0838,1.2423,0.4328
TCGA-AB-2904-03,-0.3026,1.4907,1.964,-0.7347,-0.2932,0.7153,-0.4506,-0.2713,-0.9032,0.7483,-0.8066,-0.4863,-1.1867,-0.5854,-0.6338,-1.0622,-0.5882,-0.6218,3.3493
aml_ohsu_2018_15-00688,-0.714,1.2488,-0.2795,-0.9289,-0.2962,0.739,0.3222,0.2898,0.2231,-0.2856,-0.1168,-1.0619,-0.2894,-1.4891,0.5911,-1.192,-3.3979,-0.0853,0.5359
aml_ohsu_2018_15-00724,0.8521,-1.9667,0.0688,0.7413,0.3653,-1.6078,0.505,-0.4846,-0.4641,-0.6677,0.6974,-0.9972,-0.1384,1.374,0.628,0.2841,0.8845,0.4664,-2.9355
TCGA-AB-2933-03,-0.6001,0.102,0.6727,-0.6767,-0.7832,0.0571,-0.3559,-0.6911,-0.0798,-0.6132,-0.8429,-0.4968,0.3053,-1.1018,-0.5514,-1.0946,-0.8254,-0.9894,-0.1679
TCGA-AB-2939-03,0.2762,-0.1128,-0.2635,-0.4701,1.3616,0.9644,-0.4487,0.071,-0.1544,0.7719,-0.504,-0.178,-0.6923,0.4796,1.172,-0.4158,-0.8201,0.3817,-0.313
TCGA-AB-2979-03,-0.0482,-0.1643,1.3662,-0.6581,1.1722,-1.3867,-0.374,-0.625,-0.1623,-1.4717,-0.787,1.3877,-1.4176,2.7922,0.9559,1.617,-0.9477,0.9846,-0.5979
aml_ohsu_2018_14-00041,0.2817,-0.6084,-0.4562,-0.7151,0.7364,1.0121,0.505,-0.2995,-1.1699,-0.3935,-1.1166,0.1089,0.8493,-0.9746,0.1101,-0.2878,0.0883,0.2007,1.0879
aml_ohsu_2018_14-00359,-0.2578,-1.9667,-0.1793,0.5609,-0.9414,-4.5041,0.5631,0.0054,1.1489,1.5774,0.3599,0.8856,0.4054,0.4909,0.6964,0.2537,0.6364,0.2532,-2.9355
TCGA-AB-2946-03,-0.5537,-0.4251,-0.5144,-0.6491,-0.9939,-1.2049,-0.3384,-0.5486,0.3952,0.7044,-0.7592,0.0611,-0.818,0.0657,0.0079,-0.0797,-0.6196,-0.4059,-0.6841
aml_ohsu_2018_15-00261,-0.4812,0.8912,0.3398,-0.0911,0.6144,-0.5189,0.0786,-1.465,0.5163,0.2366,-2.0707,-2.7838,0.409,-1.5717,-1.7871,-1.5272,-1.6443,0.9263,0.8565
TCGA-AB-2927-03,-0.5173,1.032,0.7211,-0.6468,2.0156,0.3397,-0.4093,-0.8636,-0.8041,-0.8188,-0.868,-0.517,-0.4204,-0.7599,-0.6463,-0.6528,-1.247,0.4944,0.4051
aml_ohsu_2018_15-00123,0.5745,-1.9667,0.1989,0.6069,-1.1448,0.6207,0.3486,0.5546,0.0593,0.5075,0.743,1.0573,0.4727,0.6756,0.3147,0.2996,0.5668,0.9027,0.1234
TCGA-AB-3005-03,0.1634,0.0456,0.9528,-0.1763,0.9447,-0.6051,-0.4082,-0.3879,2.1077,0.3771,0.9231,3.2007,-1.536,-0.6337,-0.5175,0.2999,-0.6157,-0.7626,0.6679
TCGA-AB-2846-03,-0.3516,-0.3029,-0.9184,0.3125,-0.3361,-1.3699,0.241,-0.1522,0.9476,-0.1715,0.2353,-0.1773,0.1821,0.1063,0.2081,-0.2857,-0.1364,0.185,-0.4765
aml_ohsu_2018_13-00195,-0.0191,-1.9667,-0.0471,1.1762,-0.1851,0.3881,0.5381,0.7009,0.8405,0.8482,0.5728,-0.9154,0.7739,0.693,-0.718,0.8342,0.7167,-0.2516,-1.4672
TCGA-AB-2816-03,-0.4726,-0.4756,-0.6428,0.1028,-1.8198,-0.8151,-0.4136,-0.1571,0.5686,-0.4494,-0.5495,-0.5074,0.2799,-0.8286,-0.5838,-0.542,-0.3716,-0.5693,-0.6272
aml_ohsu_2018_13-00393,0.7254,1.1323,-2.171,0.2608,-0.2018,0.2109,0.894,1.0444,-0.6779,-0.8298,0.4073,-1.0039,-1.1749,0.4351,0.6715,-0.5971,-0.025,-0.6783,0.5656
TCGA-AB-2912-03,-0.461,0.3762,-0.7131,-0.6284,1.3103,0.2801,-0.409,0.1958,-0.5377,1.7287,-0.8112,-0.5366,1.3508,-0.6909,-0.6361,-1.1145,-0.8766,-1.1105,-0.343
aml_ohsu_2018_13-00163,1.1987,-0.4344,-0.5318,1.0402,-1.6059,-4.5041,0.9254,0.6458,1.389,0.3792,0.4598,0.8189,0.8747,1.0387,0.7098,0.5527,0.5133,0.7946,-2.6405
TCGA-AB-2988-03,-0.543,-0.3981,0.0867,-0.2423,-2.1056,0.7305,-0.4429,-0.5455,-0.5809,-0.2011,0.1995,-0.321,-0.7658,-0.2056,-0.5949,-0.1482,-0.0957,-0.6217,0.0859
TCGA-AB-2984-03,-0.4827,-0.5183,-0.8124,0.2031,-1.0491,1.9644,-0.4461,-0.1949,-1.4042,-0.2465,4.136,-0.5434,0.2323,-1.1642,-0.2431,-0.6214,-0.0016,1.7832,-0.5674
TCGA-AB-2840-03,0.9973,-0.38,-0.8641,0.6527,-0.8585,-1.2202,1.133,0.709,-1.0072,-1.5333,0.2033,0.4213,-0.2569,0.4377,0.6032,0.6291,0.2581,-0.2098,0.1007
TCGA-AB-2888-03,-0.5215,-0.446,-0.9472,-0.0994,0.3769,-0.777,-0.345,-0.5718,1.1485,0.1127,-0.7599,-0.4396,1.5186,-0.5891,-0.3777,-0.6141,-0.9156,-0.5559,-0.5429
aml_ohsu_2018_16-00271,-0.2666,-1.9667,0.3728,0.5951,0.2433,0.9274,0.0008,0.2115,-0.1469,0.6465,0.5725,1.0842,0.1262,0.7274,-0.1917,0.1803,0.5077,-0.0027,-2.1318
TCGA-AB-2982-03,1.6253,1.3263,-0.6109,3.3237,-1.1089,-0.5888,3.897,2.0947,0.0399,0.6576,1.798,2.555,1.7932,2.4639,2.7178,1.4055,1.1062,3.1119,0.1004
TCGA-AB-2807-03,-0.4242,2.4181,-0.2178,-0.7557,1.344,1.5848,-0.4377,-0.9181,-1.1195,-0.1752,-0.8679,-0.5483,-0.8855,-0.9328,-0.6337,-0.995,-1.283,-0.752,-0.1854
TCGA-AB-2842-03,-0.6013,-0.4965,-0.4676,-0.2073,0.2657,-0.638,0.6144,-0.2265,1.5197,3.3579,-0.1015,0.0212,-0.5669,-0.612,-0.6471,-0.5591,-0.1971,-1.1116,-0.635
aml_ohsu_2018_14-00152,0.6053,1.5791,-0.0357,0.368,2.7177,-0.1056,-0.1881,0.8018,-0.889,0.2688,1.2239,-0.1978,0.7098,0.7178,0.6488,0.5011,-0.2808,0.2958,0.2788
TCGA-AB-2929-03,-0.6008,0.3867,2.3899,-0.7659,2.2817,0.6868,-0.4562,-0.9965,-1.1343,-2.5208,-0.9044,-0.4481,-0.8826,-1.1879,-0.6487,-0.7129,-1.1697,-0.7165,0.0698
TCGA-AB-2810-03,0.1129,-0.4572,-0.6717,1.192,-0.1424,-0.7974,0.6795,0.1749,0.3735,-1.3908,2.9136,-0.5433,-0.8354,-0.6237,0.9652,1.3894,1.1959,-0.3681,-0.4655
TCGA-AB-2995-03,-0.4983,1.8628,0.2209,-0.7621,1.3194,1.8158,-0.4481,-0.8377,-1.0923,-0.5326,-0.8748,-0.4261,-1.079,-0.6513,-0.6332,-0.8563,0.3354,-0.3873,1.3909
TCGA-AB-2879-03,0.4897,-0.4798,-0.7516,0.1111,0.3346,0.5846,0.1055,0.0725,-0.5924,-0.0299,1.8499,-0.0851,2.1242,-0.2831,-0.0685,0.0355,2.1464,2.0015,0.3954
TCGA-AB-2895-03,-0.4962,-0.5192,0.3319,-0.4847,-0.0912,1.2921,-0.4306,-0.3395,-0.8585,-0.4343,0.0009,-0.2294,-0.9469,0.5713,-0.6106,-0.2108,2.185,0.9475,0.5783
TCGA-AB-2843-03,-0.1994,-0.3742,1.0599,-0.5729,1.8325,-0.085,-0.4067,-0.7901,-0.6524,-0.6145,-0.7614,-0.5082,-0.6897,-0.6917,-0.5832,-0.8318,-1.1385,-0.9864,0.0023
aml_ohsu_2018_13-00513,0.946,-0.3178,0.501,0.4374,1.6313,-1.0627,-0.1221,0.0274,1.1575,0.2782,0.5762,0.7626,0.1738,-0.4012,0.4118,0.7842,0.7015,-1.5024,0.8466
TCGA-AB-2884-03,-0.4483,-0.4759,0.1769,-0.0726,0.2925,-0.4565,-0.3351,-0.4123,1.1793,0.9333,-0.2046,-0.4545,-0.0155,0.3559,-0.5792,0.6874,0.574,-0.4228,-0.5843
TCGA-AB-2976-03,-0.1489,-0.4395,-0.3003,-0.5442,-1.0271,1.6448,-0.1189,0.0617,-0.9793,1.0666,-0.3312,-0.3041,-0.4702,-0.2351,-0.6428,-0.8536,-0.9583,-0.392,0.193
TCGA-AB-3006-03,-0.5512,-0.38,1.5312,-0.3214,-0.7175,0.9983,-0.2546,-0.1655,-0.1792,-0.6011,1.696,-0.4995,0.1376,0.2324,-0.5655,0.6764,0.4695,0.6633,1.1358
TCGA-AB-2872-03,0.4369,-0.1917,0.7855,1.439,0.0746,0.286,4.6806,4.1327,1.8948,-0.2987,0.6457,1.0851,-0.7853,4.1193,3.4837,4.0841,-0.3022,1.9065,-0.4313
TCGA-AB-2880-03,-0.4648,-0.5218,0.4218,-0.6118,0.6525,-1.4066,-0.4456,-0.4051,-0.0917,-0.3727,-0.8535,0.8232,-0.4421,-0.1201,0.0523,0.2226,-0.2097,-0.234,-0.6735
TCGA-AB-2813-03,-0.4461,0.1229,0.1508,-0.2704,-0.606,-0.7565,-0.3111,0.0697,0.2641,-0.9518,-0.5445,-0.5381,-0.0175,-0.717,-0.4245,-0.0397,-1.2706,-0.9288,-0.4838
TCGA-AB-2998-03,1.3323,-0.2876,-0.3842,1.3081,-1.1619,-1.4276,0.7689,1.5928,1.0233,1.3946,0.1779,0.7439,0.2032,0.9019,1.8529,0.8558,0.0967,0.6157,0.0772
TCGA-AB-2963-03,-0.0649,-0.2935,-0.2168,-0.4235,-1.5227,-0.1361,-0.0769,0.4243,-0.2961,1.776,-0.175,-0.2799,-0.6231,-0.4016,-0.4502,-0.3577,0.1931,-0.7701,-0.4242
TCGA-AB-2891-03,-0.1132,-0.4196,-0.0906,-0.5866,1.3371,0.1466,-0.3748,-0.3534,0.3,0.3015,-0.8569,-0.3225,-0.8213,-0.9806,-0.2283,-0.8321,-1.3376,-0.834,-0.4993
aml_ohsu_2018_14-00504,0.9342,-0.5007,-0.7967,0.2243,0.1654,-4.5041,-0.8292,-0.4264,-0.4488,1.5199,0.0538,0.3229,-0.3065,0.1794,-1.8442,0.0206,0.7811,-0.9722,-0.7214
TCGA-AB-2931-03,0.3502,-0.4966,0.6045,-0.2571,-0.4037,-0.4918,-0.4089,-0.0739,0.4055,1.1868,-0.2268,0.2243,0.0693,0.0265,-0.5964,0.1395,0.0295,0.4263,-0.2563
aml_ohsu_2018_15-00302,1.021,0.7363,-0.0471,1.19,0.5886,-0.3879,0.894,1.7504,0.0413,0.1747,1.2621,-0.113,1.6255,-0.0831,0.6488,2.2252,1.0822,0.7119,0.5184
TCGA-AB-2935-03,-0.3156,3.4264,0.2118,-0.6251,-0.6313,0.8055,-0.4189,0.1134,-0.2691,-0.6437,-0.3711,-0.4356,0.0845,-0.1476,-0.4263,-0.0205,-0.3888,-0.312,1.6442
TCGA-AB-2943-03,-0.4571,-0.2312,1.2843,-0.7347,0.4702,1.3815,-0.4535,-0.7384,-1.2294,-0.9631,-0.8723,-0.5019,-0.8698,-0.5634,-0.6045,-0.1532,-1.2481,-0.3903,0.7484
TCGA-AB-2858-03,-0.1133,-0.112,-0.9049,-0.1199,-0.3521,-1.1771,0.2768,0.3081,-0.3047,-0.6583,-0.0811,-0.2132,0.3189,-0.5008,0.745,-0.6513,-1.1656,0.8126,-0.1914
TCGA-AB-2870-03,-0.3036,-0.3725,-0.4026,-0.4535,-0.1538,-0.7883,-0.3527,-0.6516,0.4222,-1.0399,-0.725,-0.1332,0.0276,-0.0509,-0.172,-0.1852,-0.3158,0.6301,-0.3769
TCGA-AB-2940-03,-0.4538,-0.4549,0.3065,-0.7031,0.7868,-0.1967,-0.362,-0.4437,-0.3416,-0.5018,-0.8411,-0.3751,-0.8469,1.026,-0.1996,0.3584,0.1197,-0.3089,-0.6479
TCGA-AB-2973-03,-0.5374,0.2944,-0.6897,-0.1476,-0.1063,0.6512,-0.4548,-0.1592,0.9615,1.7626,-0.8131,-0.5397,1.7664,-1.0335,-0.6298,-0.8611,-0.3472,-1.0511,-0.6177
TCGA-AB-2994-03,2.051,0.0692,-0.0485,4.5535,-0.3827,-1.2157,2.2101,2.3493,1.3049,0.2556,1.0794,1.6684,3.3692,2.3752,1.0197,4.1654,2.9373,0.6714,-0.3471
aml_ohsu_2018_14-00832,0.1174,-0.4628,-0.7983,0.2899,-0.0327,0.3596,0.894,0.6093,0.4028,0.5565,0.2794,-0.8499,-0.1916,0.2899,0.4167,0.4186,0.1875,0.0009,1.136
aml_ohsu_2018_16-00292,0.4473,-1.9667,0.5683,1.0307,0.4733,-0.776,0.5749,0.4262,0.1356,0.0607,0.9651,-2.6995,1.0112,0.6506,0.6382,0.9961,0.9938,1.3007,0.1178
TCGA-AB-2871-03,-0.1812,-0.5132,0.979,-0.5391,-0.2142,1.8273,-0.4416,-0.6365,-0.9024,-0.7212,0.4616,0.1952,-0.1428,0.8406,-0.6304,0.2401,-0.5782,0.5714,1.1499
TCGA-AB-2955-03,-0.5859,-0.4728,-0.736,-0.7766,0.5023,-1.3624,-0.4562,-0.0672,-1.0317,0.8088,-0.9041,-0.3586,-0.8377,-0.762,-0.3404,-0.6958,-1.3364,-0.8847,-0.7114
aml_ohsu_2018_15-00279,-0.634,-1.9667,0.8376,1.1025,-0.118,0.2681,-0.4677,-0.0005,1.3589,1.6178,-0.2478,-0.7037,0.967,0.0852,-1.3337,0.0036,0.8099,-1.4502,-0.601
TCGA-AB-2837-03,-0.2868,-0.4651,0.7244,0.6371,-0.0487,-0.4219,-0.356,-0.0588,1.5448,1.0012,-0.6136,-0.4756,1.7902,0.0029,-0.6387,-0.0321,0.6619,-0.735,-0.6251
TCGA-AB-2897-03,0.8932,0.0564,0.2113,0.7912,-0.9075,-0.0043,1.8829,3.8199,2.2449,0.7711,0.8956,2.068,-0.6932,2.1249,3.3632,3.2954,0.3438,2.5527,-0.0606
TCGA-AB-2915-03,-0.5173,-0.5026,0.7425,-0.5636,0.0287,0.0138,-0.3261,-0.5731,-0.169,-0.3165,-0.8429,-0.3844,-0.4946,-0.2493,-0.6291,-0.4798,-0.5779,-0.5874,0.3721
aml_ohsu_2018_13-00253,0.0177,1.5076,1.4879,-1.1784,-0.6935,0.2592,-0.1055,-2.4351,-0.8635,-1.0948,-0.0742,1.1034,-0.1786,0.3058,-0.822,-0.6451,0.5767,0.2872,1.0924
aml_ohsu_2018_14-00559,0.9097,-1.6129,-1.5734,0.5182,-0.7505,-0.0995,0.1914,0.96,0.4578,1.4128,0.2811,0.0834,0.7499,0.5971,-0.036,0.0858,0.7281,-0.6023,-2.9355
TCGA-AB-2818-03,-0.2992,-0.5198,-0.7123,-0.0582,-1.2356,0.618,-0.0775,0.5084,-0.1015,0.8268,-0.3521,-0.3643,0.2269,0.9165,-0.6317,-0.258,0.531,-0.5278,-0.6102
TCGA-AB-2965-03,-0.3763,-0.4907,-0.76,-0.6121,-0.6131,0.4876,-0.4483,0.1051,0.4032,2.2907,-0.4525,-0.4494,0.1579,-0.7576,-0.6381,-0.7069,0.076,-1.0413,-0.4557
TCGA-AB-2877-03,0.1111,-0.5037,-0.3557,0.7472,0.3744,0.0129,-0.0265,-0.1847,-0.5658,-0.7665,2.9729,-0.5257,3.2168,0.0063,-0.3604,0.9552,1.384,1.1325,-0.3865
TCGA-AB-2950-03,0.5722,-0.4291,-1.4913,0.0344,-1.1787,-1.2722,1.1137,1.4963,-0.128,0.3936,1.4172,1.0087,1.0112,0.4103,0.9257,-0.7261,-1.0614,0.7848,-0.5159
aml_ohsu_2018_13-00563,-1.3708,-0.9291,0.7859,0.032,0.9851,0.3934,-0.1228,-1.0809,0.1403,-1.0674,-1.383,-0.8344,-0.0282,-1.626,-0.1581,-1.0244,-1.6472,-0.8122,0.2358
TCGA-AB-2851-03,-0.4376,-0.5094,1.089,0.9229,-0.4096,-0.0442,-0.4555,-0.4648,1.1007,-0.0213,-0.2906,-0.4786,0.7449,0.353,-0.6139,0.4579,0.9417,-0.7187,-0.576
TCGA-AB-2916-03,-0.5625,-0.3419,-0.6697,-0.6188,-0.405,-0.2587,-0.4421,-0.1815,1.095,1.3232,-0.9002,-0.5234,1.98,-0.8305,-0.6158,-0.5263,-0.3958,-1.0292,-0.1888
TCGA-AB-3000-03,-0.2828,-0.4413,0.712,-0.7083,1.3607,-0.4538,-0.4158,-0.5464,0.5227,-0.8779,-0.8091,0.5592,-0.8322,-0.0469,0.9418,1.1297,0.2548,-0.127,-0.6988
TCGA-AB-2920-03,-0.3693,-0.4809,6.4154,-0.7523,-0.1444,0.4592,-0.4566,-0.3213,0.0267,-2.4819,-0.7181,-0.5274,-1.7546,-1.0191,-0.4465,-0.0294,-1.2519,1.6799,9.2454
aml_ohsu_2018_14-00464,0.3539,-1.6543,-1.5997,1.0702,-0.092,-0.1742,0.6337,0.655,0.7179,0.2588,0.5794,1.2448,-0.8325,0.7162,-0.0445,0.2472,0.265,1.4516,0.7347
aml_ohsu_2018_14-00425,1.8993,0.9074,0.0629,1.1376,-2.723,-4.5041,0.9621,2.1545,1.5073,0.3891,0.8045,1.3925,0.7482,0.4853,1.173,1.3048,0.9134,0.9869,0.1495
aml_ohsu_2018_13-00354,0.3343,-1.1971,-2.4817,-0.7958,0.2849,0.5019,-1.5834,-0.4965,-1.2416,-0.9277,-4.2216,0.2163,-0.6309,-1.6419,-0.2681,-0.5365,0.6624,-0.0151,0.7016
TCGA-AB-2948-03,-0.347,0.9554,-0.2251,0.1421,0.9105,0.7704,-0.2977,-0.3983,1.6432,-0.6166,-0.2631,-0.5046,0.6403,-0.4712,-0.1638,-0.7933,0.4208,-1.0196,-0.2539
TCGA-AB-2969-03,-0.2404,-0.5262,-0.2126,-0.2181,-0.3314,-0.8771,-0.4076,-0.2515,1.7513,0.7358,-0.1475,-0.5037,-0.311,-0.7784,-0.6152,0.1804,0.7797,-1.0702,-0.6357
aml_ohsu_2018_16-00278,-0.2339,-1.9667,0.5362,0.4343,-2.0414,0.9303,0.1635,0.7087,-0.0285,0.5312,0.8402,0.6827,-1.1412,0.76,0.4823,0.401,0.3234,0.926,1.0197
aml_ohsu_2018_13-00425,0.0382,-1.1482,-1.4724,-0.2053,1.1211,-1.3097,-1.4912,-1.5414,0.0262,1.3088,0.04,1.1593,-0.9735,0.3565,-1.9361,1.2267,0.6293,-1.1401,0.0666
TCGA-AB-2815-03,-0.4048,-0.4024,-1.1399,-0.3683,-0.7468,-1.3216,-0.2511,-0.3259,0.2238,1.2066,-0.6763,-0.2997,0.2246,-0.3933,-0.0781,-0.726,-0.2296,-0.536,-0.6819
TCGA-AB-2867-03,-0.4336,-0.3791,-1.4966,-0.686,-0.1894,0.2039,-0.3909,0.083,-0.8736,0.8589,-0.8452,-0.5347,-0.0647,-0.7775,0.0583,-0.2511,-0.1289,-0.5412,-0.6092
aml_ohsu_2018_16-01210,0.2781,-1.9667,-0.4837,0.9014,-0.3097,0.0705,0.5276,-0.2793,0.6486,-0.8196,0.5423,-0.1154,0.5245,0.7576,0.5735,0.9402,0.0847,0.975,-0.117
TCGA-AB-2913-03,-0.4971,-0.3495,-0.4311,-0.3749,-0.1458,2.2648,-0.4492,0.1505,-0.5422,0.7555,0.1096,-0.2669,1.6041,0.626,-0.623,-0.4921,-1.3464,-0.4701,0.5695
TCGA-AB-2835-03,0.1736,0.1748,1.1236,0.4791,1.3865,-0.5451,-0.4526,-0.2419,2.3507,1.2065,-0.3348,-0.4307,-0.4872,0.2388,-0.6124,-0.2197,0.3816,-0.9295,-0.632
aml_ohsu_2018_15-00276,1.1112,0.1952,-0.0751,1.15,0.4144,-0.2378,-0.0444,0.5257,1.3768,-0.8535,0.5265,0.8485,0.4399,0.8585,0.4319,0.4653,0.7594,0.4532,0.5958
aml_ohsu_2018_16-01100,1.3102,-1.9667,-0.4946,0.9694,0.2168,-0.2834,0.5518,0.2775,1.3471,0.8805,0.3165,0.3366,2.613,0.166,-0.7596,0.3283,0.4782,-1.6779,-0.3738
TCGA-AB-2993-03,-0.2835,-0.3423,0.2061,-0.1446,-0.5123,1.0322,-0.3629,0.4846,-0.6037,-0.2923,0.4244,-0.4983,0.7395,0.0913,0.0251,0.7035,1.4115,0.8846,0.2119
aml_ohsu_2018_14-00476,-1.0738,-1.9667,-0.0864,0.5012,0.5924,-0.1876,0.3486,0.369,0.8727,0.8042,0.8527,-0.0111,-0.8938,0.744,0.7909,1.2029,0.4939,0.497,0.7945
TCGA-AB-2987-03,-0.5269,-0.3868,0.4727,-0.4047,-0.5787,-0.2588,-0.4562,-0.652,0.4374,1.0527,-0.9006,-0.5423,1.1683,-0.9962,-0.651,-0.7312,-0.4673,-1.2273,-0.6068
TCGA-AB-2844-03,-0.3902,0.0831,-0.4208,-0.1901,0.1721,0.5016,-0.2775,-0.2527,-0.0705,-0.7193,0.3193,-0.4523,-0.3786,0.3791,0.5049,0.649,0.9976,0.4802,1.0972
TCGA-AB-2856-03,-0.3164,-0.2054,1.609,0.8216,1.2618,-0.7144,-0.2699,-0.7719,2.4192,-1.1514,0.563,0.0327,-1.3712,0.2148,0.3994,0.9956,0.6568,0.4364,0.9031
TCGA-AB-2914-03,-0.567,-0.4306,-1.3634,-0.6446,-0.9756,-1.3248,-0.3764,-0.2424,-0.5565,0.0583,-0.5431,-0.1777,0.7932,-0.4791,-0.1832,-0.5578,-1.1941,-0.5655,-0.6249
TCGA-AB-2919-03,-0.0595,-0.4811,-0.5638,-0.3056,1.0265,-1.3974,-0.3618,-0.4198,-0.6095,-0.7457,1.5405,-0.4081,1.7529,-0.7128,0.0382,1.0211,3.6941,2.2343,-0.3286
TCGA-AB-2954-03,-0.2416,-0.3272,-0.6795,0.2397,-0.981,-1.4147,0.2193,-0.4441,0.4679,-0.7478,-0.3523,1.4073,0.2739,0.4501,-0.0007,0.1374,0.4779,0.3401,-0.567
TCGA-AB-2918-03,-0.3592,-0.3424,0.0378,-0.1804,0.4291,-1.1549,-0.4,-0.474,-0.0343,-0.1372,-0.1228,-0.3442,-1.1646,0.5658,-0.4576,0.3256,-0.3748,-0.304,0.2364
TCGA-AB-2873-03,-0.4527,-0.4389,0.3651,0.5088,0.6291,-0.2609,-0.3779,-0.1964,1.9212,1.6668,-0.7074,-0.5416,0.6496,-0.3758,-0.6267,-0.5798,0.3541,-1.0219,-0.4973
aml_ohsu_2018_16-00460,-0.5317,-1.9667,-0.1326,0.8483,-0.0117,-0.0932,0.8057,0.4752,0.3334,-0.3056,0.6997,-1.6567,-0.7838,0.8077,0.6599,-0.7911,0.5323,1.218,0.8608
TCGA-AB-3007-03,4.8884,-0.2842,-0.1038,1.2552,-1.2708,-1.2753,3.5025,3.7538,1.1712,0.6596,3.0219,1.7688,1.4056,1.1939,3.243,0.6799,0.306,1.7266,-0.1081
TCGA-AB-2826-03,-0.3424,-0.4059,-0.7087,-0.4818,-0.4683,-1.1346,-0.0508,-0.0464,0.2648,0.4473,-0.3102,-0.4931,1.0975,-0.9539,-0.2136,-0.1745,0.0946,-1.0612,-0.6263
aml_ohsu_2018_15-00029,-0.9383,1.7215,1.0282,0.0558,0.0879,0.6207,0.8664,0.6253,0.6016,0.0505,0.533,-1.0464,-1.2439,-0.0406,0.7909,0.1123,0.049,-0.7249,0.916
aml_ohsu_2018_16-00498,1.9333,-0.2839,-0.4453,1.1025,-1.8459,-4.5041,0.8498,2.0271,1.4033,1.1892,0.8473,1.3443,1.4349,0.8244,1.0049,1.3931,0.7313,1.0672,0.4431
aml_ohsu_2018_14-00141,0.5146,-1.9667,-2.3362,0.6355,1.072,0.2321,-1.2607,-0.2903,-0.3325,0.7522,0.7398,0.7454,-0.5118,0.0292,0.5279,-0.1764,0.8693,0.7012,0.5012
TCGA-AB-2978-03,-0.5504,0.9108,-0.9232,-0.3811,-0.4248,0.8412,0.2811,-0.5137,-0.2472,-0.5896,-0.2991,-0.5395,-0.6028,-0.8495,-0.4212,-1.1212,-0.3074,-0.7756,0.4021
aml_ohsu_2018_16-00067,0.4282,-0.4897,0.0547,0.3024,-0.3891,-0.1916,0.2943,-0.3374,1.5046,0.3693,-0.1208,0.3468,0.5986,-1.1439,0.362,-0.3252,0.5703,-0.8812,-0.0255
TCGA-AB-2938-03,-0.4009,1.7191,0.0499,-0.7543,1.7994,0.6089,-0.4471,-0.766,-1.4327,1.1203,-0.905,-0.1992,-0.8519,0.0197,-0.6408,-0.9307,0.2193,-0.5929,-0.1809
TCGA-AB-2868-03,-0.3947,1.4461,0.2969,-0.596,0.6778,1.3282,-0.1622,-0.225,-0.7832,-0.1389,-0.0919,-0.5025,-0.8943,-0.7844,-0.2047,-0.7278,-0.8914,-0.1725,0.9857
aml_ohsu_2018_15-00045,0.122,-1.412,-0.6496,0.5147,-1.9213,-4.5041,0.8498,0.0599,0.978,1.541,0.3154,0.7163,0.6607,0.5196,0.8334,0.1376,0.354,0.3394,-2.9355
TCGA-AB-2975-03,-0.5562,-0.3514,-1.1066,-0.0682,-0.5752,0.4141,-0.1834,0.5996,0.1495,-0.8181,0.1763,-0.5079,-0.3553,0.227,0.2404,-0.5417,0.5012,-0.6871,0.874
aml_ohsu_2018_14-00739,-2.2021,-1.9667,0.6046,0.6149,0.793,0.3102,0.159,-0.3815,0.3795,0.8747,0.8775,0.8564,-1.1983,0.711,0.276,0.1302,0.4672,0.6924,0.5897
TCGA-AB-2890-03,-0.5883,-0.3879,0.2924,-0.6986,1.3824,0.6297,-0.4527,-0.851,-1.3322,-0.4028,-0.9003,-0.434,0.5044,-0.8879,-0.6491,-0.7867,-1.2067,-0.0064,-0.3363
aml_ohsu_2018_14-00193,0.1629,-1.3109,0.116,-0.6237,1.0293,0.1613,-0.8086,-1.0209,-1.4364,-1.0106,-1.7407,0.0483,1.0722,-0.0228,0.6836,-0.7343,-2.7899,0.6378,0.6729
aml_ohsu_2018_13-00466,-0.3822,0.6913,-0.4322,-1.6438,0.4617,1.4472,-4.0524,-0.6475,-1.9682,-2.5905,-4.4497,0.1649,0.3513,-1.7668,-4.1367,-0.3792,-1.8901,-3.7124,1.1684
aml_ohsu_2018_14-00135,-1.7023,-0.9357,1.1677,-0.7608,0.3303,-0.1168,0.8664,0.4257,0.3143,0.5658,-0.1339,-2.7054,0.1,-0.1781,0.521,0.2663,-3.4074,-0.1864,0.889
TCGA-AB-2986-03,-0.5396,-0.473,0.001,-0.4524,-1.7981,-0.3325,-0.4428,-0.4799,-0.4101,-1.249,0.7568,-0.1471,-1.201,-0.4566,-0.6077,-0.2604,-0.342,0.0706,-0.5959
TCGA-AB-2821-03,-0.3989,1.5727,-0.341,-0.4316,0.4409,1.6077,-0.0966,-0.167,-0.5114,-0.261,-0.7509,-0.5433,-0.6161,-1.0277,-0.4033,-0.7677,0.1657,0.5589,0.8157
TCGA-AB-2806-03,-0.5509,-0.3341,-1.6265,-0.5475,-0.9735,0.6505,-0.19,0.8229,-0.7938,0.4287,-0.1275,-0.0477,1.2876,-1.0395,0.694,-0.6389,-0.8004,-0.3938,-0.6713
TCGA-AB-2859-03,-0.311,-0.4385,1.0359,-0.3755,-0.1351,1.5409,-0.4136,0.0705,-0.2496,1.0089,-0.1166,-0.0323,-0.6291,0.6713,-0.6305,0.0647,0.7132,0.2634,0.0699
aml_ohsu_2018_14-00259,0.2305,-1.9667,0.1777,0.9613,-0.2343,-0.4432,0.2273,0.7745,0.8821,0.7649,0.294,0.2831,1.3036,0.7178,0.0945,0.1459,0.7566,-0.1726,-0.8394
TCGA-AB-2921-03,-0.4441,-0.0467,1.012,0.476,0.0715,-0.064,-0.3407,-0.4592,1.1621,0.3478,0.0244,0.5949,-0.5163,-0.3206,-0.6345,-0.024,-1.1804,-0.0452,0.5144
aml_ohsu_2018_14-00096,-0.318,0.4376,1.201,-0.888,-1.4214,0.7966,-2.9915,-0.5631,-0.8622,-1.6523,-3.5362,-1.7307,-0.2871,-1.8089,-2.1437,-1.7751,0.6829,1.0215,1.0132
TCGA-AB-2903-03,-0.4316,-0.2191,-0.5713,-0.4513,0.181,0.0309,-0.4012,-0.2777,-1.2479,-0.371,0.5973,-0.4951,1.3101,-1.1083,-0.5749,-0.1657,2.2897,-0.7143,-0.3871
aml_ohsu_2018_14-00175,0.329,-0.3336,-0.7983,0.5759,0.3445,0.865,-0.8912,-0.326,-1.8568,-1.6288,-2.3856,0.6481,0.5705,-2.1627,-1.8654,-0.4865,-1.4443,-1.5291,1.2635
TCGA-AB-2886-03,-0.3787,-0.5096,-1.2806,-0.4378,-0.4593,-1.2757,-0.0583,0.2706,-0.6944,-0.3932,-0.043,0.3443,0.5269,1.0798,0.4622,0.1253,-1.0885,2.2846,-0.6003
TCGA-AB-2977-03,-0.3727,-0.4855,-0.1401,3.4115,0.0502,-0.3979,0.0245,-0.7607,0.3275,-1.4575,2.0781,-0.1344,-1.2256,0.8494,-0.3676,0.5311,0.9876,1.8573,-0.0771
TCGA-AB-2999-03,1.4507,-0.189,-1.0691,1.4703,-0.8713,-0.9271,2.1704,1.7943,-0.8146,-0.0436,0.8114,3.4309,1.7266,2.3478,2.3871,1.0063,1.691,3.7156,-0.1812
TCGA-AB-2857-03,-0.3884,0.4654,-0.0355,-0.7544,-1.0126,1.0808,-0.1992,-0.4694,-0.5357,-0.8455,-0.7202,-0.5228,-1.1336,-0.2144,-0.0911,-0.8684,-0.5289,0.3546,0.4443
aml_ohsu_2018_16-00519,0.5502,-0.2535,-0.0368,-2.2082,0.5616,-4.5041,-0.3871,-0.0015,0.0518,0.2231,-0.6842,0.8127,-1.0601,0.6771,0.8582,1.3683,0.5848,1.5531,-2.9355
TCGA-AB-2833-03,-0.6104,-0.2549,-0.319,-0.388,-0.5176,-1.3498,-0.3982,-0.8307,0.4563,-0.0606,-0.8893,-0.5396,0.0487,-0.7811,-0.6446,-1.1456,-1.1442,-1.0797,-0.319
aml_ohsu_2018_16-01223,-2.55,0.0338,1.6647,-3.397,1.4911,0.8624,-5.2257,-1.5726,-1.6053,0.5808,-4.4497,-3.2554,-3.1706,-2.529,-2.7041,-5.1092,-2.8162,0.3553,0.5387
aml_ohsu_2018_15-00653,0.1439,-1.9667,-2.0034,0.7516,1.4463,0.5301,0.7626,0.9289,-0.2639,-0.571,1.1908,-0.0815,2.2694,0.4728,0.6086,1.624,0.7301,0.4364,-0.2817
aml_ohsu_2018_15-00610,1.0625,-0.4821,-0.9578,0.7836,0.0306,-0.6904,0.7742,0.7029,-1.0501,-0.2992,0.5179,0.2387,0.944,0.3965,0.8111,-0.2937,0.0903,0.1694,-0.181
aml_ohsu_2018_16-01216,0.9141,-1.9667,-0.9033,0.7312,-0.5296,0.5596,-0.5393,0.0815,-0.3591,-0.6456,0.1459,-0.2169,1.1057,0.5395,0.0901,0.2468,-0.2287,0.4675,0.2459
TCGA-AB-2899-03,-0.5427,1.0645,1.1621,-0.6144,1.1342,0.0708,-0.3357,-0.771,-1.0192,-0.8707,-0.7669,-0.4633,0.0813,-0.9287,-0.644,-0.8059,-1.1985,-0.821,-0.2055
aml_ohsu_2018_16-00289,0.726,-0.189,-0.6225,0.7841,0.4211,-0.5436,0.4981,0.6376,-0.5714,-0.4396,1.1269,0.8822,1.5069,0.1128,0.273,0.701,1.0298,1.6391,0.9361
TCGA-AB-2839-03,-0.4874,-0.5382,0.1019,-0.7338,-0.2153,0.6066,-0.4522,-0.4202,-0.7846,0.6011,-0.461,-0.004,-0.6306,-0.0559,-0.5664,-0.5973,-1.2995,-0.8467,-0.6002
aml_ohsu_2018_15-00680,0.7371,-1.9667,-0.3213,0.9456,-0.4034,0.4113,0.0025,0.7224,1.2323,-0.8274,0.5479,-0.1368,-0.0918,1.0615,0.1454,0.9713,0.7869,-0.5736,-1.3717
aml_ohsu_2018_15-00763,0.3462,-1.8509,-1.1701,0.3202,-0.9293,-4.2192,0.3974,0.3512,0.1572,0.7097,0.6431,1.0187,-0.2175,0.6105,0.739,0.4372,0.8717,1.2365,0.6915
TCGA-AB-3008-03,-0.2401,-0.016,1.8683,-0.7543,0.1323,-1.3954,-0.4462,-0.8208,-0.9706,-0.3697,-0.8984,-0.4858,-1.4327,-0.2755,-0.3331,0.3885,0.1808,-0.2554,-0.5329
TCGA-AB-2841-03,2.7663,-0.311,-0.5494,5.8434,-1.5143,-1.226,6.0879,2.0143,2.0851,-0.4534,2.7814,6.552,1.2077,5.072,4.1076,3.5352,1.8741,3.3803,0.0936
TCGA-AB-2991-03,4.9556,-0.3774,-0.1327,1.4826,-1.617,-1.1205,3.0815,2.2707,0.6148,0.8549,2.4523,3.0008,0.4864,1.5536,3.5768,3.2728,0.931,1.9447,-0.1944
TCGA-AB-2981-03,-0.4727,-0.5097,-0.3069,-0.2111,-1.3279,-0.7206,-0.4379,-0.3701,2.4882,0.9302,-0.7864,-0.4623,1.1436,-0.6804,-0.6444,-0.464,-0.2447,-0.9567,-0.562
TCGA-AB-2898-03,0.1362,1.0307,0.0952,-0.0397,0.1009,0.2272,0.7212,-0.1535,-0.527,-0.7657,-0.1761,-0.5308,-0.7332,1.2159,-0.1879,-0.2453,0.6792,1.5658,0.8048
